KODE PROVINSI,KODE KAB_KOTA,PROVINSI,KAB_KOTA,PAGU
01,01 00 ,DKI JAKARTA,DKI JAKARTA,543468015514000
01,01 51 ,DKI JAKARTA,KOTA JAKARTA PUSAT,329474392308000
01,01 52 ,DKI JAKARTA,KOTA JAKARTA UTARA,4415607228000
01,01 53 ,DKI JAKARTA,KOTA JAKARTA BARAT,4997506878000
01,01 54 ,DKI JAKARTA,KOTA JAKARTA SELATAN,170023682638000
01,01 55 ,DKI JAKARTA,KOTA JAKARTA TIMUR,33760086083000
01,01 56 ,DKI JAKARTA,KEPULAUAN SERIBU,73399515000
01,01 99 ,DKI JAKARTA,INSTANSI PUSAT,723340864000
02,02 00 ,JAWA BARAT,JAWA BARAT,45936127084000
02,02 05 ,JAWA BARAT,KAB. BOGOR,4530368925000
02,02 06 ,JAWA BARAT,KAB. SUKABUMI,654219785000
02,02 07 ,JAWA BARAT,KAB. CIANJUR,822897121000
02,02 08 ,JAWA BARAT,KAB. BEKASI,1118292302000
02,02 09 ,JAWA BARAT,KAB. KARAWANG,958957501000
02,02 10 ,JAWA BARAT,KAB. PURWAKARTA,475019911000
02,02 11 ,JAWA BARAT,KAB. SUBANG,1613016887000
02,02 12 ,JAWA BARAT,KAB. BANDUNG,666551038000
02,02 13 ,JAWA BARAT,KAB. SUMEDANG,909102918000
02,02 14 ,JAWA BARAT,KAB. G A R U T,1084240460000
02,02 15 ,JAWA BARAT,KAB. TASIKMALAYA,815621765000
02,02 16 ,JAWA BARAT,KAB. CIAMIS,437835406000
02,02 17 ,JAWA BARAT,KAB. CIREBON,631240135000
02,02 18 ,JAWA BARAT,KAB. KUNINGAN,486514048000
02,02 19 ,JAWA BARAT,KAB. INDRAMAYU,583675098000
02,02 20 ,JAWA BARAT,KAB. MAJALENGKA,489362418000
02,02 21 ,JAWA BARAT,KAB. BANDUNG BARAT,705256185000
02,02 22 ,JAWA BARAT,KAB. PANGANDARAN,194128613000
02,02 51 ,JAWA BARAT,KOTA BANDUNG,19018705466000
02,02 52 ,JAWA BARAT,KOTA BOGOR,2189220628000
02,02 53 ,JAWA BARAT,KOTA SUKABUMI,462566004000
02,02 54 ,JAWA BARAT,KOTA CIREBON,2663450522000
02,02 57 ,JAWA BARAT,KOTA BEKASI,997389722000
02,02 58 ,JAWA BARAT,KOTA DEPOK,893547677000
02,02 60 ,JAWA BARAT,KOTA TASIKMALAYA,645294082000
02,02 61 ,JAWA BARAT,KOTA CIMAHI,1206307779000
02,02 62 ,JAWA BARAT,KOTA BANJAR,683344688000
03,03 00 ,JAWA TENGAH,JAWA TENGAH,39663815151000
03,03 01 ,JAWA TENGAH,KAB. SEMARANG,305265954000
03,03 02 ,JAWA TENGAH,KAB. KENDAL,314505153000
03,03 03 ,JAWA TENGAH,KAB. DEMAK,439093401000
03,03 04 ,JAWA TENGAH,KAB. GROBOGAN,569072220000
03,03 05 ,JAWA TENGAH,KAB. PEKALONGAN,314036360000
03,03 06 ,JAWA TENGAH,KAB. BATANG,327243819000
03,03 07 ,JAWA TENGAH,KAB. TEGAL,367701275000
03,03 08 ,JAWA TENGAH,KAB. BREBES,414799064000
03,03 09 ,JAWA TENGAH,KAB. PATI,561138708000
03,03 10 ,JAWA TENGAH,KAB. KUDUS,456933616000
03,03 11 ,JAWA TENGAH,KAB. PEMALANG,371919816000
03,03 12 ,JAWA TENGAH,KAB. JEPARA,405651725000
03,03 13 ,JAWA TENGAH,KAB. REMBANG,266244821000
03,03 14 ,JAWA TENGAH,KAB. BLORA,590460531000
03,03 15 ,JAWA TENGAH,KAB. BANYUMAS,2035882123000
03,03 16 ,JAWA TENGAH,KAB. CILACAP,885956225000
03,03 17 ,JAWA TENGAH,KAB. PURBALINGGA,402789192000
03,03 18 ,JAWA TENGAH,KAB. BANJARNEGARA,352128017000
03,03 19 ,JAWA TENGAH,KAB. MAGELANG,495501843000
03,03 20 ,JAWA TENGAH,KAB. TEMANGGUNG,346715103000
03,03 21 ,JAWA TENGAH,KAB. WONOSOBO,387936827000
03,03 22 ,JAWA TENGAH,KAB. PURWOREJO,312900125000
03,03 23 ,JAWA TENGAH,KAB. KEBUMEN,434005910000
03,03 24 ,JAWA TENGAH,KAB. KLATEN,874167732000
03,03 25 ,JAWA TENGAH,KAB. BOYOLALI,465449964000
03,03 26 ,JAWA TENGAH,KAB. SRAGEN,411880159000
03,03 27 ,JAWA TENGAH,KAB. SUKOHARJO,1523134650000
03,03 28 ,JAWA TENGAH,KAB. KARANGANYAR,838839129000
03,03 29 ,JAWA TENGAH,KAB. WONOGIRI,343269218000
03,03 51 ,JAWA TENGAH,KOTA SEMARANG,18166860155000
03,03 52 ,JAWA TENGAH,KOTA SALATIGA,560283602000
03,03 53 ,JAWA TENGAH,KOTA PEKALONGAN,368439226000
03,03 54 ,JAWA TENGAH,KOTA TEGAL,638234827000
03,03 55 ,JAWA TENGAH,KOTA MAGELANG,1230656155000
03,03 56 ,JAWA TENGAH,KOTA SURAKARTA,2884718506000
04,04 00 ,DI YOGYAKARTA,DI YOGYAKARTA,12354403690000
04,04 01 ,DI YOGYAKARTA,KAB. BANTUL,782545313000
04,04 02 ,DI YOGYAKARTA,KAB. SLEMAN,3365507410000
04,04 03 ,DI YOGYAKARTA,KAB. GUNUNGKIDUL,389665640000
04,04 04 ,DI YOGYAKARTA,KAB. KULONPROGO,395554265000
04,04 51 ,DI YOGYAKARTA,KOTA YOGYAKARTA,7421131062000
05,05 00 ,JAWA TIMUR,JAWA TIMUR,45217577671000
05,05 01 ,JAWA TIMUR,KAB. GRESIK,454468978000
05,05 02 ,JAWA TIMUR,KAB. MOJOKERTO,422753890000
05,05 03 ,JAWA TIMUR,KAB. SIDOARJO,3639894458000
05,05 04 ,JAWA TIMUR,KAB. JOMBANG,603161936000
05,05 05 ,JAWA TIMUR,KAB. SAMPANG,310432391000
05,05 06 ,JAWA TIMUR,KAB. PAMEKASAN,592036693000
05,05 07 ,JAWA TIMUR,KAB. SUMENEP,519284169000
05,05 08 ,JAWA TIMUR,KAB. BANGKALAN,628558737000
05,05 09 ,JAWA TIMUR,KAB. BONDOWOSO,344149612000
05,05 10 ,JAWA TIMUR,KAB. SITUBONDO,372049352000
05,05 11 ,JAWA TIMUR,KAB. BANYUWANGI,837121919000
05,05 12 ,JAWA TIMUR,KAB. JEMBER,2321275645000
05,05 13 ,JAWA TIMUR,KAB. MALANG,1177309980000
05,05 14 ,JAWA TIMUR,KAB. PASURUAN,561979466000
05,05 15 ,JAWA TIMUR,KAB. PROBOLINGGO,327588889000
05,05 16 ,JAWA TIMUR,KAB. LUMAJANG,341601352000
05,05 17 ,JAWA TIMUR,KAB. KEDIRI,490398310000
05,05 18 ,JAWA TIMUR,KAB. TULUNGAGUNG,770930600000
05,05 19 ,JAWA TIMUR,KAB. NGANJUK,487886588000
05,05 20 ,JAWA TIMUR,KAB. TRENGGALEK,304943969000
05,05 21 ,JAWA TIMUR,KAB. BLITAR,382165866000
05,05 22 ,JAWA TIMUR,KAB. MADIUN,411187320000
05,05 23 ,JAWA TIMUR,KAB. NGAWI,396560759000
05,05 24 ,JAWA TIMUR,KAB. MAGETAN,354382656000
05,05 25 ,JAWA TIMUR,KAB. PONOROGO,535647795000
05,05 26 ,JAWA TIMUR,KAB. PACITAN,245840078000
05,05 27 ,JAWA TIMUR,KAB. BOJONEGORO,483984490000
05,05 28 ,JAWA TIMUR,KAB. TUBAN,420214087000
05,05 29 ,JAWA TIMUR,KAB. LAMONGAN,446062556000
05,05 51 ,JAWA TIMUR,KOTA SURABAYA,17501286653000
05,05 52 ,JAWA TIMUR,KOTA MOJOKERTO,626312171000
05,05 53 ,JAWA TIMUR,KOTA MALANG,4217769538000
05,05 54 ,JAWA TIMUR,KOTA PASURUAN,232073484000
05,05 55 ,JAWA TIMUR,KOTA PROBOLINGGO,175360613000
05,05 56 ,JAWA TIMUR,KOTA BLITAR,230187238000
05,05 57 ,JAWA TIMUR,KOTA KEDIRI,800274088000
05,05 58 ,JAWA TIMUR,KOTA MADIUN,1373499785000
05,05 59 ,JAWA TIMUR,KOTA BATU,876941560000
06,06 00 ,ACEH,ACEH,16000815877000
06,06 01 ,ACEH,KAB. ACEH BESAR,790470507000
06,06 02 ,ACEH,KAB. P I D I E,455290795000
06,06 03 ,ACEH,KAB. ACEH UTARA,692174431000
06,06 04 ,ACEH,KAB. ACEH TIMUR,345556090000
06,06 05 ,ACEH,KAB. ACEH SELATAN,260053890000
06,06 06 ,ACEH,KAB. ACEH BARAT,300746751000
06,06 07 ,ACEH,KAB. ACEH TENGAH,441131617000
06,06 08 ,ACEH,KAB. ACEH TENGGARA,241930162000
06,06 09 ,ACEH,KAB. SIMEULEU,145098728000
06,06 10 ,ACEH,KAB. ACEH SINGKIL,124453626000
06,06 11 ,ACEH,KAB. BIREUN,433811317000
06,06 12 ,ACEH,KAB. ACEH BARAT DAYA,169291551000
06,06 13 ,ACEH,KAB. ACEH GAYO LUES,113111615000
06,06 14 ,ACEH,KAB. ACEH JAYA,132605811000
06,06 15 ,ACEH,KAB. NAGAN RAYA,163156324000
06,06 16 ,ACEH,KAB. ACEH TAMIANG,213497993000
06,06 17 ,ACEH,KAB. BENER MERIAH,166922686000
06,06 18 ,ACEH,KAB. PIDIE JAYA,211112868000
06,06 51 ,ACEH,KOTA BANDA ACEH,7659642185000
06,06 52 ,ACEH,KOTA SABANG,287647970000
06,06 53 ,ACEH,KOTA LANGSA,480652908000
06,06 54 ,ACEH,KOTA LHOKSEUMAWE,1467773607000
06,06 55 ,ACEH,KOTA  MEULABOH,607157393000
06,06 56 ,ACEH,KOTA SUMBULUSSALAM,97525052000
07,07 00 ,SUMATERA UTARA,SUMATERA UTARA,20510426452000
07,07 01 ,SUMATERA UTARA,KAB. DELISERDANG,776853777000
07,07 02 ,SUMATERA UTARA,KAB. KARO,208343801000
07,07 03 ,SUMATERA UTARA,KAB. LANGKAT,424078261000
07,07 04 ,SUMATERA UTARA,KAB. TAPANULI TENGAH,217664343000
07,07 05 ,SUMATERA UTARA,KAB. SIMALUNGUN,308686656000
07,07 06 ,SUMATERA UTARA,KAB. LABUHANBATU,303076468000
07,07 07 ,SUMATERA UTARA,KAB. D A I R I,157281675000
07,07 08 ,SUMATERA UTARA,KAB. TAPANULI UTARA,270022407000
07,07 09 ,SUMATERA UTARA,KAB. TAPANULI SELATAN,227416790000
07,07 10 ,SUMATERA UTARA,KAB. ASAHAN,311374735000
07,07 11 ,SUMATERA UTARA,KAB. N  I  A  S,290582448000
07,07 12 ,SUMATERA UTARA,KAB. SAMOSIR,95943287000
07,07 13 ,SUMATERA UTARA,KAB. MANDAILING NATAL,371954844000
07,07 14 ,SUMATERA UTARA,KAB. NIAS SELATAN,137806864000
07,07 15 ,SUMATERA UTARA,KAB. PAKPAK BARAT,64779275000
07,07 16 ,SUMATERA UTARA,KAB. HUMBANG HASUNDUTAN,130310303000
07,07 17 ,SUMATERA UTARA,KAB. TOBA SAMOSIR,201711674000
07,07 20 ,SUMATERA UTARA,KAB. SERDANG BEDAGAI,225557020000
07,07 21 ,SUMATERA UTARA,KAB. BATUBARA,152842600000
07,07 22 ,SUMATERA UTARA,KAB. PADANG LAWAS,184202081000
07,07 23 ,SUMATERA UTARA,KAB. PADANG LAWAS UTARA,119861039000
07,07 24 ,SUMATERA UTARA,KAB. LABUHAN BATU SELATAN,116790041000
07,07 25 ,SUMATERA UTARA,KAB. LABUHAN BATU UTARA,91926610000
07,07 26 ,SUMATERA UTARA,KAB. NIAS UTARA,47026569000
07,07 27 ,SUMATERA UTARA,KAB. NIAS BARAT,52340386000
07,07 51 ,SUMATERA UTARA,KOTA MEDAN,12706697831000
07,07 52 ,SUMATERA UTARA,KOTA TEBINGTINGGI,435779505000
07,07 53 ,SUMATERA UTARA,KOTA B I N J A I,275753659000
07,07 54 ,SUMATERA UTARA,KOTA PEMATANGSIANTAR,385405434000
07,07 55 ,SUMATERA UTARA,KOTA TANJUNGBALAI,206147069000
07,07 56 ,SUMATERA UTARA,KOTA SIBOLGA,652588999000
07,07 57 ,SUMATERA UTARA,KOTA PADANG SIDEMPUAN,251208594000
07,07 61 ,SUMATERA UTARA,KOTA GUNUNG SITOLI,108411407000
08,08 00 ,SUMATERA BARAT,SUMATERA BARAT,10496276559000
08,08 01 ,SUMATERA BARAT,KAB. A G A M,290498249000
08,08 02 ,SUMATERA BARAT,KAB. PASAMAN,182160430000
08,08 03 ,SUMATERA BARAT,KAB. LIMA PULUH KOTA,356779797000
08,08 04 ,SUMATERA BARAT,KAB. S O L O K,241766003000
08,08 05 ,SUMATERA BARAT,KAB. PADANG PARIAMAN,372361490000
08,08 06 ,SUMATERA BARAT,KAB. PESISIR SELATAN,283267302000
08,08 07 ,SUMATERA BARAT,KAB. TANAH DATAR,443171628000
08,08 08 ,SUMATERA BARAT,KAB. SAWAHLUNTO,8363742000
08,08 09 ,SUMATERA BARAT,KAB. KEPULAUAN MENTAWAI,100176946000
08,08 10 ,SUMATERA BARAT,KAB. DHARMAS RAYA,133316329000
08,08 11 ,SUMATERA BARAT,KAB. SOLOK SELATAN,128299426000
08,08 12 ,SUMATERA BARAT,KAB. PASAMAN BARAT,206602456000
08,08 13 ,SUMATERA BARAT,KAB. SIJUNJUNG,85710377000
08,08 14 ,SUMATERA BARAT,KAB. SAWAHLUNTO SIJUNJUNG,58374262000
08,08 51 ,SUMATERA BARAT,KOTA BUKITTINGGI,516456191000
08,08 52 ,SUMATERA BARAT,KOTA PADANG PANJANG,311914250000
08,08 53 ,SUMATERA BARAT,KOTA S O L O K,120807861000
08,08 54 ,SUMATERA BARAT,KOTA SAWAHLUNTO,117176214000
08,08 55 ,SUMATERA BARAT,KOTA PADANG,6078102104000
08,08 56 ,SUMATERA BARAT,KOTA PAYAKUMBUH,203757898000
08,08 57 ,SUMATERA BARAT,KOTA PARIAMAN,215213604000
08,08 59 ,SUMATERA BARAT,KOTA PAINAN,42000000000
09,09 00 ,RIAU,RIAU,7863768708000
09,09 01 ,RIAU,KAB. KAMPAR,324804065000
09,09 02 ,RIAU,KAB. BENGKALIS,448386903000
09,09 04 ,RIAU,KAB. INDRAGIRI HULU,221894105000
09,09 05 ,RIAU,KAB. INDRAGIRI HILIR,358521616000
09,09 06 ,RIAU,KAB. PELALAWAN,181790089000
09,09 07 ,RIAU,KAB. ROKAN HULU,206667277000
09,09 08 ,RIAU,KAB. ROKAN HILIR,255158475000
09,09 09 ,RIAU,KAB. SIAK,256086244000
09,09 12 ,RIAU,KAB. KUANTAN SINGINGI,193817532000
09,09 13 ,RIAU,KAB. KEPULAUAN MERANTI,156764523000
09,09 51 ,RIAU,KOTA PEKANBARU,4884134149000
09,09 53 ,RIAU,KOTA DUMAI,351516193000
09,09 54 ,RIAU,KOTA RENGAT,4751638000
09,09 55 ,RIAU,OTORITA BATAM,19475899000
10,10 00 ,JAMBI,JAMBI,7512057549000
10,10 01 ,JAMBI,KAB. BATANGHARI,258779676000
10,10 02 ,JAMBI,KAB. TANJUNG JABUNG BARAT,190329637000
10,10 03 ,JAMBI,KAB. BUNGO,246973717000
10,10 04 ,JAMBI,KAB. SAROLANGUN,197257593000
10,10 05 ,JAMBI,KAB. KERINCI,402544221000
10,10 06 ,JAMBI,KAB. MERANGIN,227130689000
10,10 07 ,JAMBI,KAB. TANJUNG JABUNG TIMUR,190918189000
10,10 08 ,JAMBI,KAB. T E B O,181069971000
10,10 09 ,JAMBI,KAB. MUARO JAMBI,277227172000
10,10 51 ,JAMBI,KOTA JAMBI,5247730974000
10,10 52 ,JAMBI,KOTA SUNGAI PENUH,92095710000
11,11 00 ,SUMATERA SELATAN,SUMATERA SELATAN,16328811167000
11,11 03 ,SUMATERA SELATAN,KAB. MUSI BANYU ASIN,243186041000
11,11 04 ,SUMATERA SELATAN,KAB. OGAN KOMERING ULU,252808386000
11,11 05 ,SUMATERA SELATAN,KAB. MUARA ENIM,357425147000
11,11 06 ,SUMATERA SELATAN,KAB.LAHAT,267102369000
11,11 07 ,SUMATERA SELATAN,KAB. MUSI RAWAS,184616755000
11,11 08 ,SUMATERA SELATAN,KAB. OGAN KOMERING ILIR,291115883000
11,11 09 ,SUMATERA SELATAN,KAB. BANYUASIN,357564383000
11,11 10 ,SUMATERA SELATAN,KAB. OKU TIMUR,225536564000
11,11 11 ,SUMATERA SELATAN,KAB. OKU SELATAN,168030894000
11,11 12 ,SUMATERA SELATAN,KAB. OGAN ILIR,219919817000
11,11 16 ,SUMATERA SELATAN,KAB. BATU RAJA,58767610000
11,11 17 ,SUMATERA SELATAN,KAB. EMPAT LAWANG,115877891000
11,11 18 ,SUMATERA SELATAN,KAB. PENUKAL ABAB LEMATANG ILIR,85086934000
11,11 19 ,SUMATERA SELATAN,KAB. MUSI RAWAS UTARA,86130976000
11,11 51 ,SUMATERA SELATAN,KOTA PALEMBANG,12978270126000
11,11 53 ,SUMATERA SELATAN,KOTA PRABUMULIH,148197407000
11,11 54 ,SUMATERA SELATAN,KOTA PAGAR ALAM,109533576000
11,11 55 ,SUMATERA SELATAN,KOTA LUBUK LINGGAU,179640408000
12,12 00 ,LAMPUNG,LAMPUNG,8296352227000
12,12 01 ,LAMPUNG,KAB. LAMPUNG SELATAN,646548713000
12,12 02 ,LAMPUNG,KAB. LAMPUNG TENGAH,332681727000
12,12 03 ,LAMPUNG,KAB. LAMPUNG UTARA,290321547000
12,12 04 ,LAMPUNG,KAB. LAMPUNG BARAT,156326297000
12,12 05 ,LAMPUNG,KAB. TULANG BAWANG,164464488000
12,12 06 ,LAMPUNG,KAB. TANGGAMUS,266099335000
12,12 07 ,LAMPUNG,KAB. LAMPUNG TIMUR,358058179000
12,12 08 ,LAMPUNG,KAB. WAY KANAN,183919527000
12,12 09 ,LAMPUNG,KAB. PESAWARAN,212259386000
12,12 10 ,LAMPUNG,KAB. PRINGSEWU,171170243000
12,12 11 ,LAMPUNG,KAB. MESUJI,105954809000
12,12 12 ,LAMPUNG,KAB. TULANG BAWANG BARAT,118817490000
12,12 13 ,LAMPUNG,KAB. PESISIR BARAT,73145527000
12,12 51 ,LAMPUNG,KOTA BANDAR LAMPUNG,4949791575000
12,12 52 ,LAMPUNG,KOTA METRO,266793384000
13,13 00 ,KALIMANTAN BARAT,KALIMANTAN BARAT,8818659337000
13,13 01 ,KALIMANTAN BARAT,KAB. SAMBAS,356464995000
13,13 02 ,KALIMANTAN BARAT,KAB. SANGGAU,282685847000
13,13 03 ,KALIMANTAN BARAT,KAB. SINTANG,704197490000
13,13 04 ,KALIMANTAN BARAT,KAB. MEMPAWAH,351292128000
13,13 05 ,KALIMANTAN BARAT,KAB. KAPUAS HULU,349055491000
13,13 06 ,KALIMANTAN BARAT,KAB. KETAPANG,352389544000
13,13 07 ,KALIMANTAN BARAT,KAB. BENGKAYANG,166355694000
13,13 08 ,KALIMANTAN BARAT,KAB. LANDAK,170098828000
13,13 09 ,KALIMANTAN BARAT,KAB. MELAWI,131913436000
13,13 10 ,KALIMANTAN BARAT,KAB. SEKADAU,105220143000
13,13 11 ,KALIMANTAN BARAT,KAB. KAYONG UTARA,87762134000
13,13 12 ,KALIMANTAN BARAT,KAB. KUBU RAYA,238289775000
13,13 51 ,KALIMANTAN BARAT,KOTA PONTIANAK,5225030654000
13,13 52 ,KALIMANTAN BARAT,KOTA SINGKAWANG,297903178000
14,14 00 ,KALIMANTAN TENGAH,KALIMANTAN TENGAH,5453513408000
14,14 01 ,KALIMANTAN TENGAH,KAB. KAPUAS,258694230000
14,14 02 ,KALIMANTAN TENGAH,KAB. BARITO UTARA,156388607000
14,14 03 ,KALIMANTAN TENGAH,KAB. BARITO SELATAN,133758048000
14,14 04 ,KALIMANTAN TENGAH,KAB. KOTAWARINGIN TIMUR,380069517000
14,14 05 ,KALIMANTAN TENGAH,KAB. KOTAWARINGIN BARAT,280170925000
14,14 06 ,KALIMANTAN TENGAH,KAB. KATINGAN,138817367000
14,14 07 ,KALIMANTAN TENGAH,KAB. SERUYAN,124530042000
14,14 08 ,KALIMANTAN TENGAH,KAB. SUKAMARA,102467310000
14,14 09 ,KALIMANTAN TENGAH,KAB. LAMANDAU,98155469000
14,14 10 ,KALIMANTAN TENGAH,KAB. GUNUNG MAS,119260062000
14,14 11 ,KALIMANTAN TENGAH,KAB. PULANG PISAU,131292059000
14,14 12 ,KALIMANTAN TENGAH,KAB. MURUNG RAYA,98369514000
14,14 13 ,KALIMANTAN TENGAH,KAB. BARITO TIMUR,156812680000
14,14 51 ,KALIMANTAN TENGAH,KOTA PALANGKARAYA,3274727578000
15,15 00 ,KALIMANTAN SELATAN,KALIMANTAN SELATAN,7480424399000
15,15 01 ,KALIMANTAN SELATAN,KAB. BANJAR,368214238000
15,15 02 ,KALIMANTAN SELATAN,KAB. TANAH LAUT,334273577000
15,15 03 ,KALIMANTAN SELATAN,KAB. TAPIN,176842351000
15,15 04 ,KALIMANTAN SELATAN,KAB. HULU SUNGAI SELATAN,251764047000
15,15 05 ,KALIMANTAN SELATAN,KAB. HULU SUNGAI TENGAH,267569110000
15,15 06 ,KALIMANTAN SELATAN,KAB. BARITO KUALA,229097369000
15,15 07 ,KALIMANTAN SELATAN,KAB. TABALONG,252570899000
15,15 08 ,KALIMANTAN SELATAN,KAB. KOTABARU,315507100000
15,15 09 ,KALIMANTAN SELATAN,KAB. HULU SUNGAI UTARA,267125524000
15,15 10 ,KALIMANTAN SELATAN,KAB. TANAH BUMBU,219174109000
15,15 11 ,KALIMANTAN SELATAN,KAB. BALANGAN,145943312000
15,15 51 ,KALIMANTAN SELATAN,KOTA BANJARMASIN,3905836649000
15,15 52 ,KALIMANTAN SELATAN,KOTA BANJARBARU,746506114000
16,16 00 ,KALIMANTAN TIMUR,KALIMANTAN TIMUR,33960381456000
16,16 02 ,KALIMANTAN TIMUR,KAB. P A S E R,222143042000
16,16 04 ,KALIMANTAN TIMUR,KAB. B E R A U,293456546000
16,16 07 ,KALIMANTAN TIMUR,KAB. KUTAI BARAT,217569434000
16,16 08 ,KALIMANTAN TIMUR,KAB. KUTAI TIMUR,165141882000
16,16 09 ,KALIMANTAN TIMUR,KAB. PENAJAM PASER UTARA,19736105817000
16,16 10 ,KALIMANTAN TIMUR,KAB. KUTAI KERTANEGARA,318083004000
16,16 11 ,KALIMANTAN TIMUR,TENGGARONG,8067507000
16,16 13 ,KALIMANTAN TIMUR,KAB. MAHAKAM ULU,40970109000
16,16 51 ,KALIMANTAN TIMUR,KOTA SAMARINDA,10094959333000
16,16 52 ,KALIMANTAN TIMUR,KOTA BALIKPAPAN,2668004903000
16,16 53 ,KALIMANTAN TIMUR,KOTA TARAKAN (pindah ke 35.51),1750000000
16,16 54 ,KALIMANTAN TIMUR,KOTA BONTANG,194129879000
17,17 00 ,SULAWESI UTARA,SULAWESI UTARA,8491208061000
17,17 02 ,SULAWESI UTARA,KAB. MINAHASA,525065528000
17,17 03 ,SULAWESI UTARA,KAB. BOLAANG MONGONDOW,262882017000
17,17 04 ,SULAWESI UTARA,KAB. KEPULAUAN SANGIHE,340557354000
17,17 05 ,SULAWESI UTARA,KAB. KEPULAUAN TALAUD,167553913000
17,17 06 ,SULAWESI UTARA,KAB. MINAHASA SELATAN,268174844000
17,17 08 ,SULAWESI UTARA,KAB. MINAHASA UTARA,162193748000
17,17 09 ,SULAWESI UTARA,KAB. KEP.SANGIHE TALAUD,110598563000
17,17 10 ,SULAWESI UTARA,KAB. MINAHASA TENGGARA,102694079000
17,17 11 ,SULAWESI UTARA,KAB. BOLAANG MONGONDOW UTARA,73478763000
17,17 12 ,SULAWESI UTARA,KAB. KEP. SIAU TAGULANDANG BIARO,68753624000
17,17 13 ,SULAWESI UTARA,KAB. BOLAANG MONGONDOW SELATAN,66420098000
17,17 14 ,SULAWESI UTARA,KAB. BOLAANG MONGONDOW TIMUR,85053579000
17,17 51 ,SULAWESI UTARA,KOTA MANADO,5546075382000
17,17 52 ,SULAWESI UTARA,KOTA TOMOHON,87265423000
17,17 53 ,SULAWESI UTARA,KOTA BITUNG,500454522000
17,17 54 ,SULAWESI UTARA,KOTA KOTAMOBAGO,123986624000
18,18 00 ,SULAWESI TENGAH,SULAWESI TENGAH,6755175694000
18,18 01 ,SULAWESI TENGAH,KAB. P O S O,325078100000
18,18 02 ,SULAWESI TENGAH,KAB. DONGGALA,196035867000
18,18 03 ,SULAWESI TENGAH,KAB. TOLI-TOLI,267484115000
18,18 04 ,SULAWESI TENGAH,KAB. BANGGAI,443160207000
18,18 05 ,SULAWESI TENGAH,KAB. B U O L,157303163000
18,18 06 ,SULAWESI TENGAH,KAB. MOROWALI,139990307000
18,18 07 ,SULAWESI TENGAH,KAB. BANGGAI KEPULAUAN,114033119000
18,18 08 ,SULAWESI TENGAH,KAB. PARIGI MOUTONG,251050230000
18,18 09 ,SULAWESI TENGAH,KAB. TOJO UNA-UNA,196063647000
18,18 12 ,SULAWESI TENGAH,KAB. SIGI,164844770000
18,18 13 ,SULAWESI TENGAH,KAB. BANGGAI LAUT,43769178000
18,18 14 ,SULAWESI TENGAH,KAB. MOROWALI UTARA,115792362000
18,18 51 ,SULAWESI TENGAH,KOTA PALU,4340570629000
19,19 00 ,SULAWESI SELATAN,SULAWESI SELATAN,20383484852000
19,19 01 ,SULAWESI SELATAN,KAB. PINRANG,391142853000
19,19 02 ,SULAWESI SELATAN,KAB. GOWA,739373597000
19,19 03 ,SULAWESI SELATAN,KAB. WAJO,199597379000
19,19 05 ,SULAWESI SELATAN,KAB. BONE,1201750801000
19,19 06 ,SULAWESI SELATAN,KAB. TANATORAJA,240469268000
19,19 07 ,SULAWESI SELATAN,KAB. MAROS,416568904000
19,19 09 ,SULAWESI SELATAN,KAB. LUWU,224170722000
19,19 10 ,SULAWESI SELATAN,KAB. SINJAI,237105705000
19,19 11 ,SULAWESI SELATAN,KAB. BULUKUMBA,279554201000
19,19 12 ,SULAWESI SELATAN,KAB. BANTAENG,220390579000
19,19 13 ,SULAWESI SELATAN,KAB. JENEPONTO,213533977000
19,19 14 ,SULAWESI SELATAN,KAB. KEPULAUAN SELAYAR,242734634000
19,19 15 ,SULAWESI SELATAN,KAB. TAKALAR,311036836000
19,19 16 ,SULAWESI SELATAN,KAB. BARRU,191861789000
19,19 17 ,SULAWESI SELATAN,KAB. SIDENRENG RAPPANG,195892367000
19,19 18 ,SULAWESI SELATAN,KAB. PANGKAJENE KEPULAUAN,335864862000
19,19 19 ,SULAWESI SELATAN,KAB. SOPPENG,161927293000
19,19 21 ,SULAWESI SELATAN,KAB. ENREKANG,173392998000
19,19 22 ,SULAWESI SELATAN,KAB. LUWU UTARA,217415092000
19,19 24 ,SULAWESI SELATAN,KAB. LUWU TIMUR,161674809000
19,19 25 ,SULAWESI SELATAN,KAB. TORAJA UTARA,112970834000
19,19 51 ,SULAWESI SELATAN,KOTA MAKASSAR,12886852827000
19,19 52 ,SULAWESI SELATAN,KOTA PARE-PARE,664853318000
19,19 53 ,SULAWESI SELATAN,KOTA PALOPO,363349207000
20,20 00 ,SULAWESI TENGGARA,SULAWESI TENGGARA,6524765034000
20,20 02 ,SULAWESI TENGGARA,KAB. BUTON,238601247000
20,20 03 ,SULAWESI TENGGARA,KAB. MUNA,247073234000
20,20 04 ,SULAWESI TENGGARA,KAB. KOLAKA,354409930000
20,20 05 ,SULAWESI TENGGARA,KAB. KONAWE SELATAN,247269227000
20,20 06 ,SULAWESI TENGGARA,KAB. BOMBANA,127461809000
20,20 07 ,SULAWESI TENGGARA,KAB. WAKATOBI,218646728000
20,20 08 ,SULAWESI TENGGARA,KAB. KOLAKA UTARA,106671867000
20,20 09 ,SULAWESI TENGGARA,KAB. KONAWE,246273012000
20,20 10 ,SULAWESI TENGGARA,KAB. KONAWE UTARA,72025081000
20,20 11 ,SULAWESI TENGGARA,KAB. BUTON UTARA,56311256000
20,20 12 ,SULAWESI TENGGARA,KAB. KOLAKA TIMUR,95415607000
20,20 13 ,SULAWESI TENGGARA,KAB. KONAWE KEPULAUAN,23077253000
20,20 51 ,SULAWESI TENGGARA,KOTA KENDARI,4114208792000
20,20 52 ,SULAWESI TENGGARA,KOTA BAU-BAU,220868789000
20,20 53 ,SULAWESI TENGGARA,KAB. MUNA BARAT,38440507000
20,20 54 ,SULAWESI TENGGARA,KAB. BUTON SELATAN,43351342000
20,20 55 ,SULAWESI TENGGARA,KAB. BUTON TENGAH,74659353000
21,21 00 ,MALUKU,MALUKU,8306653911000
21,21 01 ,MALUKU,KAB. MALUKU TENGAH,540016934000
21,21 02 ,MALUKU,KAB. MALUKU TENGGARA,573548982000
21,21 03 ,MALUKU,KAB. KEPULAUAN TANIMBAR,247051143000
21,21 04 ,MALUKU,KAB. PULAU BURU,187229635000
21,21 05 ,MALUKU,KAB. KEPULAUAN ARU,212176881000
21,21 06 ,MALUKU,KAB. SERAM BAGIAN BARAT,279945885000
21,21 07 ,MALUKU,KAB. SERAM BAGIAN TIMUR,241223364000
21,21 09 ,MALUKU,KAB. MALUKU BARAT DAYA,190853064000
21,21 10 ,MALUKU,KAB. BURU SELATAN,118529218000
21,21 51 ,MALUKU,KOTA AMBON,5615200176000
21,21 52 ,MALUKU,KOTA TUAL,100878629000
22,22 00 ,BALI,BALI,11542430868000
22,22 01 ,BALI,KAB. BULELENG,806489503000
22,22 02 ,BALI,KAB. JEMBRANA,331341241000
22,22 03 ,BALI,KAB. KLUNGKUNG,176813683000
22,22 04 ,BALI,KAB. GIANYAR,292495590000
22,22 05 ,BALI,KAB. KARANGASEM,268146352000
22,22 06 ,BALI,KAB. BANGLI,173232544000
22,22 07 ,BALI,KAB. BADUNG,636415393000
22,22 08 ,BALI,KAB. TABANAN,281235437000
22,22 51 ,BALI,KOTA DENPASAR,8576261125000
23,23 00 ,NUSA TENGGARA BARAT,NUSA TENGGARA BARAT,6947320947000
23,23 01 ,NUSA TENGGARA BARAT,KAB. LOMBOK BARAT,307928611000
23,23 02 ,NUSA TENGGARA BARAT,KAB. LOMBOK TENGAH,515201286000
23,23 03 ,NUSA TENGGARA BARAT,KAB. LOMBOK TIMUR,510561480000
23,23 04 ,NUSA TENGGARA BARAT,KAB. B I M A,317331177000
23,23 05 ,NUSA TENGGARA BARAT,KAB. SUMBAWA,341533621000
23,23 06 ,NUSA TENGGARA BARAT,KAB. DOMPU,199191672000
23,23 07 ,NUSA TENGGARA BARAT,KAB. SUMBAWA BARAT,118704848000
23,23 08 ,NUSA TENGGARA BARAT,KAB. LOMBOK UTARA,107245159000
23,23 51 ,NUSA TENGGARA BARAT,KOTA MATARAM,4259410023000
23,23 52 ,NUSA TENGGARA BARAT,KOTA BIMA,270213070000
24,24 00 ,NUSA TENGGARA TIMUR,NUSA TENGGARA TIMUR,11564138920000
24,24 01 ,NUSA TENGGARA TIMUR,KAB. KUPANG,480436966000
24,24 02 ,NUSA TENGGARA TIMUR,KAB. B E L U,228337063000
24,24 03 ,NUSA TENGGARA TIMUR,KAB. TIMOR TENGAH UTARA,337401199000
24,24 04 ,NUSA TENGGARA TIMUR,KAB. TIMOR TENGAH SELATAN,183205338000
24,24 05 ,NUSA TENGGARA TIMUR,KAB. A L O R,202436288000
24,24 06 ,NUSA TENGGARA TIMUR,KAB. S I K K A,304048917000
24,24 07 ,NUSA TENGGARA TIMUR,KAB. FLORES TIMUR,189206156000
24,24 08 ,NUSA TENGGARA TIMUR,KAB. E N D E,276459107000
24,24 09 ,NUSA TENGGARA TIMUR,KAB. NGADA,122389584000
24,24 10 ,NUSA TENGGARA TIMUR,KAB. MANGGARAI,290032105000
24,24 11 ,NUSA TENGGARA TIMUR,KAB. SUMBA TIMUR,277523546000
24,24 12 ,NUSA TENGGARA TIMUR,KAB. SUMBA BARAT,131758468000
24,24 13 ,NUSA TENGGARA TIMUR,KAB. LEMBATA,193734012000
24,24 14 ,NUSA TENGGARA TIMUR,KAB. ROTE NDAO,174958761000
24,24 15 ,NUSA TENGGARA TIMUR,KAB. MANGGARAI BARAT,328395020000
24,24 17 ,NUSA TENGGARA TIMUR,KAB. NAGEKEO,95720816000
24,24 18 ,NUSA TENGGARA TIMUR,KAB. SUMBA TENGAH,30046673000
24,24 19 ,NUSA TENGGARA TIMUR,KAB. SUMBA BARAT DAYA,156607901000
24,24 20 ,NUSA TENGGARA TIMUR,MANGGARAI TIMUR,103677513000
24,24 21 ,NUSA TENGGARA TIMUR,KAB. SABU RAIJUA,104416113000
24,24 22 ,NUSA TENGGARA TIMUR,KAB. MALAKA,78928376000
24,24 51 ,NUSA TENGGARA TIMUR,KOTA KUPANG,7274418998000
25,25 00 ,PAPUA,PAPUA,10841701852000
25,25 01 ,PAPUA,KAB. JAYAPURA,485500169000
25,25 02 ,PAPUA,KAB. BIAK NUMFOR,974474024000
25,25 04 ,PAPUA,KAB. KEPULAUAN YAPEN,161005145000
25,25 07 ,PAPUA,KAB. MERAUKE,1179088534000
25,25 08 ,PAPUA,KAB. JAYAWIJAYA,433158275000
25,25 09 ,PAPUA,KAB. PANIAI,57279673000
25,25 10 ,PAPUA,KAB. NABIRE,94391459000
25,25 11 ,PAPUA,KAB. PUNCAK JAYA,215941766000
25,25 12 ,PAPUA,KAB. MIMIKA,341719944000
25,25 13 ,PAPUA,KAB. MAPPI,35088172000
25,25 14 ,PAPUA,KAB. ASMAT,42232726000
25,25 15 ,PAPUA,KAB. BOVEN DIGOEL,155452436000
25,25 16 ,PAPUA,KAB. SARMI,77764041000
25,25 17 ,PAPUA,KAB. KEEROM,144583858000
25,25 18 ,PAPUA,KAB. TOLIKARA,15254696000
25,25 19 ,PAPUA,KAB. PEGUNUNGAN BINTANG,93606103000
25,25 20 ,PAPUA,KAB. MAMBERAMO RAYA,52229904000
25,25 23 ,PAPUA,KAB. WAROPEN,66697498000
25,25 24 ,PAPUA,KAB. YAHUKIMO,75336860000
25,25 27 ,PAPUA,KAB. SUPIORI,55680507000
25,25 28 ,PAPUA,MAMBERAMO TENGAH,16674052000
25,25 29 ,PAPUA,KAB. LANNY JAYA,48409344000
25,25 30 ,PAPUA,DOGIYAI,21767402000
25,25 31 ,PAPUA,YALIMO,31657502000
25,25 32 ,PAPUA,NDUGA,34452695000
25,25 33 ,PAPUA,KAB. PUNCAK,44690540000
25,25 35 ,PAPUA,KAB. INTAN JAYA,22034935000
25,25 36 ,PAPUA,KAB. DEIYAI,19502941000
25,25 51 ,PAPUA,KOTA JAYAPURA,5846026651000
26,26 00 ,BENGKULU,BENGKULU,4518470238000
26,26 01 ,BENGKULU,KAB. BENGKULU UTARA,177700506000
26,26 02 ,BENGKULU,KAB. BENGKULU SELATAN,152255852000
26,26 03 ,BENGKULU,KAB. REJANG LEBONG,432186184000
26,26 04 ,BENGKULU,KAB. SELUMA,146495783000
26,26 05 ,BENGKULU,KAB. K A U R,123366282000
26,26 06 ,BENGKULU,KAB. MUKO-MUKO,153049055000
26,26 07 ,BENGKULU,KAB. LEBONG,92609708000
26,26 08 ,BENGKULU,KAB. KEPAHIANG,129519294000
26,26 09 ,BENGKULU,KAB. BENGKULU TENGAH,114342501000
26,26 51 ,BENGKULU,KOTA BENGKULU,2996945073000
28,28 00 ,MALUKU UTARA,MALUKU UTARA,4660169975000
28,28 01 ,MALUKU UTARA,KAB. MALUKU UTARA,4836946000
28,28 02 ,MALUKU UTARA,KAB. HALMAHERA TENGAH,102158575000
28,28 03 ,MALUKU UTARA,KAB. HALMAHERA UTARA,236622752000
28,28 04 ,MALUKU UTARA,KAB. HALMAHERA SELATAN,313525688000
28,28 05 ,MALUKU UTARA,KAB. KEPULAUAN SULA,235402557000
28,28 06 ,MALUKU UTARA,KAB. HALMAHERA TIMUR,140253920000
28,28 07 ,MALUKU UTARA,KAB. HALMAHERA BARAT,195281288000
28,28 08 ,MALUKU UTARA,KAB. PULAU MOROTAI,188225145000
28,28 09 ,MALUKU UTARA,KAB. PULAU TALIABU,58643093000
28,28 51 ,MALUKU UTARA,KOTA TERNATE,2705022887000
28,28 52 ,MALUKU UTARA,KOTA TIDORE,10903197000
28,28 53 ,MALUKU UTARA,KOTA TIDORE KEPULAUAN,469293927000
29,29 00 ,BANTEN,BANTEN,8494366463000
29,29 01 ,BANTEN,KAB. SERANG,829150925000
29,29 02 ,BANTEN,KAB. PANDEGLANG,660741274000
29,29 03 ,BANTEN,KAB. LEBAK,481176870000
29,29 04 ,BANTEN,KAB. TANGERANG,1200920831000
29,29 51 ,BANTEN,KOTA TANGERANG,1409376697000
29,29 52 ,BANTEN,KOTA CILEGON,339438029000
29,29 53 ,BANTEN,KOTA SERANG,2742979485000
29,29 54 ,BANTEN,KOTA TANGERANG  SELATAN,830582352000
30,30 00 ,KEPULAUAN BANGKA BELITUNG,BANGKA BELITUNG,395432550000
30,30 01 ,KEPULAUAN BANGKA BELITUNG,KAB. BELITUNG,245890798000
30,30 02 ,KEPULAUAN BANGKA BELITUNG,KAB. BANGKA,274078775000
30,30 03 ,KEPULAUAN BANGKA BELITUNG,KAB. BANGKA BARAT,122947720000
30,30 04 ,KEPULAUAN BANGKA BELITUNG,KAB. BANGKA TENGAH,143217706000
30,30 05 ,KEPULAUAN BANGKA BELITUNG,KAB. BANGKA SELATAN,104761415000
30,30 06 ,KEPULAUAN BANGKA BELITUNG,KAB. BELITUNG TIMUR,103048714000
30,30 51 ,KEPULAUAN BANGKA BELITUNG,KOTA PANGKALPINANG,1856953417000
31,31 00 ,GORONTALO,GORONTALO,5027118670000
31,31 01 ,GORONTALO,KAB. GORONTALO,459528945000
31,31 02 ,GORONTALO,KAB. BOALEMO,145027103000
31,31 03 ,GORONTALO,KAB. PAHUWATO,136195858000
31,31 04 ,GORONTALO,KAB. BONE BOLANGO,194922669000
31,31 07 ,GORONTALO,KAB. GORONTALO UTARA,190284232000
31,31 51 ,GORONTALO,KOTA GORONTALO,3901159863000
32,32 00 ,KEPULAUAN RIAU,KEPULAUAN RIAU,8572641079000
32,32 01 ,KEPULAUAN RIAU,KAB. BINTAN,232229942000
32,32 02 ,KEPULAUAN RIAU,KAB. KARIMUN,225143805000
32,32 03 ,KEPULAUAN RIAU,KAB. NATUNA,255547829000
32,32 04 ,KEPULAUAN RIAU,KAB. LINGGA,149963058000
32,32 05 ,KEPULAUAN RIAU,KAB. ANAMBAS,160421900000
32,32 51 ,KEPULAUAN RIAU,KOTA BATAM,5236421900000
32,32 52 ,KEPULAUAN RIAU,KOTA TANJUNG PINANG,2312912645000
33,33 00 ,PAPUA BARAT,PAPUA BARAT,5723145330000
33,33 01 ,PAPUA BARAT,KAB. MANOKWARI,2463349917000
33,33 02 ,PAPUA BARAT,KAB. SORONG,260999849000
33,33 03 ,PAPUA BARAT,KAB. FAK FAK,547276308000
33,33 04 ,PAPUA BARAT,KAB. SORONG SELATAN,84937684000
33,33 05 ,PAPUA BARAT,KAB. RAJA AMPAT,115841013000
33,33 06 ,PAPUA BARAT,KAB. TELUK BINTUNI,335309435000
33,33 07 ,PAPUA BARAT,KAB. TELUK WONDAMA,96431217000
33,33 08 ,PAPUA BARAT,KAB. KAIMANA,194916133000
33,33 09 ,PAPUA BARAT,KAB. TAMBRAUW,58056733000
33,33 10 ,PAPUA BARAT,KAB. MAYBRAT,91325002000
33,33 11 ,PAPUA BARAT,KAB. PEGUNUNGAN ARFAK,41350968000
33,33 12 ,PAPUA BARAT,KAB. MANOKWARI SELATAN,121325707000
33,33 51 ,PAPUA BARAT,KOTA SORONG,1312025364000
34,34 00 ,SULAWESI BARAT,PROP. SULAWESI BARAT,1150174528000
34,34 01 ,SULAWESI BARAT,KAB. MAJENE,513388171000
34,34 02 ,SULAWESI BARAT,KAB. MAMUJU,905257631000
34,34 03 ,SULAWESI BARAT,KAB. PASANGKAYU,140238875000
34,34 04 ,SULAWESI BARAT,KAB. POLEWALI MANDAR,308469559000
34,34 05 ,SULAWESI BARAT,KAB. MAMASA,141582856000
34,34 06 ,SULAWESI BARAT,KAB. MAMUJU TENGAH,109432235000
34,34 51 ,SULAWESI BARAT,MAMUJU,1519115120000
35,35 00 ,KALIMANTAN UTARA,KALIMANTAN UTARA,3293591130000
35,35 01 ,KALIMANTAN UTARA,KAB. BULUNGAN,1545916656000
35,35 02 ,KALIMANTAN UTARA,KAB. NUNUKAN,375020758000
35,35 03 ,KALIMANTAN UTARA,KAB. MALINAU,182567079000
35,35 04 ,KALIMANTAN UTARA,KAB. TANA TIDUNG,30153285000
35,35 51 ,KALIMANTAN UTARA,KOTA TARAKAN,1159933352000
36,36 00 ,PAPUA SELATAN,PAPUA SELATAN,877061137000
36,36 01 ,PAPUA SELATAN,KAB. MERAUKE,543563731000
36,36 02 ,PAPUA SELATAN,KAB. BOVEN DIGOEL,147457299000
36,36 03 ,PAPUA SELATAN,KAB. MAPPI,89239712000
36,36 04 ,PAPUA SELATAN,KAB. ASMAT,96800395000
37,37 00 ,PAPUA TENGAH,PAPUA TENGAH,1335238381000
37,37 01 ,PAPUA TENGAH,KAB. MIMIKA,502217688000
37,37 02 ,PAPUA TENGAH,KAB. NABIRE,484966526000
37,37 03 ,PAPUA TENGAH,KAB. PANIAI,43929034000
37,37 04 ,PAPUA TENGAH,KAB. PUNCAK JAYA,58339446000
37,37 05 ,PAPUA TENGAH,KAB. PUNCAK,162967378000
37,37 06 ,PAPUA TENGAH,KAB. DOGIYAI,23284558000
37,37 07 ,PAPUA TENGAH,KAB. INTAN JAYA,28789359000
37,37 08 ,PAPUA TENGAH,KAB. DEIYAI,30744392000
38,38 00 ,PAPUA PEGUNUNGAN,PAPUA PEGUNUNGAN,1345415032000
38,38 01 ,PAPUA PEGUNUNGAN,KAB. JAYAWIJAYA,612255695000
38,38 02 ,PAPUA PEGUNUNGAN,KAB. YAHUKIMO,209196780000
38,38 03 ,PAPUA PEGUNUNGAN,KAB. TOLIKARA,94322341000
38,38 04 ,PAPUA PEGUNUNGAN,KAB. MAMBERAMO TENGAH,22696430000
38,38 05 ,PAPUA PEGUNUNGAN,KAB. YALIMO,98587459000
38,38 06 ,PAPUA PEGUNUNGAN,KAB. PEGUNUNGAN BINTANG,248418889000
38,38 07 ,PAPUA PEGUNUNGAN,KAB. LANNY JAYA,46497400000
38,38 08 ,PAPUA PEGUNUNGAN,KAB. NDUGA,13440038000
39,39 00 ,PAPUA BARAT DAYA,PAPUA BARAT DAYA,627771269000
39,39 02 ,PAPUA BARAT DAYA,KAB. SORONG,3828957000
39,39 03 ,PAPUA BARAT DAYA,KAB. SORONG SELATAN,20061676000
39,39 04 ,PAPUA BARAT DAYA,KAB. RAJA AMPAT,19265177000
39,39 05 ,PAPUA BARAT DAYA,KAB. TAMBRAUW,6689986000
39,39 06 ,PAPUA BARAT DAYA,KAB. MAYBRAT,3773180000
39,39 51 ,PAPUA BARAT DAYA,KOTA SORONG,574152293000
